PROBLEM,BB_LOWER_BOUND,BB_UPPER_BOUND,BB_CTIME,HRKGA_MIN_LENGTH,HRKGA_MEAN_LENGTH,HRKGA_MIN_CTIME,HRKGA_MEAN_CTIME,GSOA_MIN_LENGTH,GSOA_MEAN_LENGTH,GSOA_MIN_CTIME,GSOA_MEAN_CTIME,CENTROID_MIN_LENGTH,CENTROID_MEAN_LENGTH,CENTROID_MIN_CTIME,CENTROID_MEAN_CTIME
3D_40_05_f,1319.8934100385854,1319.8934100385854,116.599819,,,,,1324.27,1325.0357999999999,2.0,2.82,1328.07,1328.07,0.0,0.0
3D_50_05_c,1440.4346464100972,1440.4346464100972,59.917384,,,,,1444.12,1446.3830000000005,2.0,2.86,1440.48,1440.48,0.0,0.0
3D_50_05_b,1200.0250570472692,1200.0250570472692,108.763356,,,,,1203.47,1206.1036,2.0,2.4,1201.81,1201.81,0.0,0.0
3D_50_05_a,1172.483359217132,1172.483359217132,97.047765,,,,,1178.27,1180.3947999999998,3.0,3.3,1174.81,1174.81,0.0,0.0
3D_35_05_a,1184.5034265416382,1184.5034265416382,68.43791399999999,,,,,1185.83,1186.2426,2.0,2.76,1185.19,1185.19,0.0,0.0
3D_35_05_b,1320.9321052954544,1320.9321052954544,49.384193,,,,,1323.32,1323.8292,3.0,3.22,1320.98,1320.98,0.0,0.0
3D_35_05_c,1596.8119016610683,1596.8119016610683,113.297021,,,,,1606.35,1609.0887999999998,2.0,2.7,1606.53,1606.53,0.0,0.0
3D_35_05_d,1357.9820906844188,1357.9820906844188,48.217095,,,,,1360.48,1361.5134,1.0,2.32,1360.44,1360.44,0.0,0.0
3D_35_05_e,1186.374595260626,1186.374595260626,55.964475,,,,,1188.14,1189.4922,3.0,3.04,1186.83,1186.83,0.0,0.0
3D_45_05_a,1014.1592903270696,1014.1592903270696,111.177492,,,,,1021.47,1023.1753999999996,2.0,2.42,1015.13,1015.13,0.0,0.0
3D_50_05_d,1256.5010025567756,1256.5010025567756,73.028087,,,,,1259.04,1259.9666,2.0,2.84,1257.3,1257.3,0.0,0.0
3D_45_05_b,1206.8003359283086,1206.8003359283086,50.891856,,,,,1208.43,1209.3455999999999,1.0,2.36,1208.44,1208.44,0.0,0.0
3D_45_05_d,1316.5970209728732,1316.5970209728732,69.42222799999999,,,,,1324.54,1325.6635999999996,2.0,2.98,1317.72,1317.72,1.0,1.0
3D_45_05_e,1539.480399920564,1539.480399920564,49.204274,,,,,1543.17,1544.0186000000008,2.0,2.96,1540.8,1540.8,0.0,0.0
3D_45_05_f,1438.0110595072067,1438.0110595072067,61.475408,,,,,1441.43,1442.8266000000003,2.0,2.76,1439.33,1439.33,4.0,4.0
3D_30_05_a,1095.9820256034272,1095.9820256034272,58.693504,,,,,1099.94,1101.4502000000002,2.0,2.52,1096.62,1096.62,0.0,0.0
3D_30_05_b,1378.7611852226175,1378.7611852226175,61.776526,,,,,1379.47,1380.2044,2.0,2.62,1379.67,1379.67,0.0,0.0
3D_30_05_c,1202.6817043628123,1202.6817043628123,63.236085,,,,,1206.29,1210.39,2.0,2.62,1214.54,1214.54,0.0,0.0
3D_30_05_d,1273.6460819119643,1273.6460819119643,66.749996,,,,,1280.96,1282.4818,1.0,2.22,1273.77,1273.77,0.0,0.0
3D_30_05_e,1256.694219848722,1256.694219848722,70.595384,,,,,1259.76,1264.1396000000002,1.0,2.34,1262.72,1262.72,0.0,0.0
3D_30_05_f,1674.815432339643,1674.815432339643,56.39744,,,,,1677.71,1678.7458000000004,2.0,2.76,1678.45,1678.45,0.0,0.0
3D_45_05_c,1505.0383208115545,1505.0383208115545,58.175955,,,,,1510.5,1512.0238,2.0,2.42,1505.13,1505.13,0.0,0.0
3D_50_05_e,1276.113062176108,1276.113062176108,65.572653,,,,,1279.1,1280.415,2.0,2.4,1278.28,1278.28,0.0,0.0
3D_35_05_f,1327.9434175536671,1327.9434175536671,49.506159,,,,,1335.78,1336.322,2.0,2.64,1329.59,1329.59,0.0,0.0
3D_40_05_e,1121.4932909057604,1121.4932909057604,41.978782,,,,,1122.94,1124.6147999999998,2.0,2.74,1122.44,1122.44,0.0,0.0
3D_40_05_a,1580.9687655177968,1580.9687655177968,78.849961,,,,,1586.23,1588.6417999999999,2.0,2.24,1588.23,1588.23,0.0,0.0
3D_40_05_b,1111.350445410453,1111.350445410453,82.118827,,,,,1113.63,1117.381,2.0,2.62,1113.84,1113.84,0.0,0.0
3D_40_05_c,1462.9333823817349,1462.9333823817349,77.874039,,,,,1469.34,1471.6712000000005,2.0,2.48,1463.83,1463.83,0.0,0.0
3D_40_05_d,1033.2543916473333,1033.2543916473333,70.82941699999999,,,,,1035.35,1036.6230000000003,2.0,2.34,1041.43,1041.43,0.0,0.0
3D_50_05_f,1425.833134935942,1425.833134935942,68.373678,,,,,1429.39,1430.2084000000002,2.0,2.98,1448.31,1448.31,0.0,0.0
3D_40_06_e,1551.7159982793798,1551.7159982793798,106.685096,,,,,1559.59,1561.4714000000001,3.0,4.0,1554.83,1554.83,0.0,0.0
3D_40_06_d,1367.8243618193071,1367.8243618193071,158.702865,,,,,1376.91,1378.2169999999996,3.0,4.3,1372.59,1372.59,1.0,1.0
3D_40_06_c,1198.6977179972312,1198.6977179972312,89.770524,,,,,1202.33,1203.1750000000004,3.0,3.36,1199.29,1199.29,0.0,0.0
3D_40_06_b,1594.783932979324,1594.783932979324,141.08547099999998,,,,,1599.56,1601.7509999999995,3.0,3.3,1620.46,1620.46,0.0,0.0
3D_30_06_a,1126.0964387049278,1126.0964387049278,174.44692999999998,,,,,1130.15,1131.7914,3.0,3.74,1129.21,1129.21,0.0,0.0
3D_30_06_b,2021.160817829252,2021.160817829252,180.314412,,,,,2024.62,2025.7696000000003,3.0,3.38,2024.99,2024.99,0.0,0.0
3D_30_06_c,1452.099980573686,1452.099980573686,76.72681899999999,,,,,1455.88,1458.3394,3.0,4.02,1454.53,1454.53,0.0,0.0
3D_30_06_d,1286.478026256349,1286.478026256349,106.947306,,,,,1294.93,1296.3028,3.0,3.76,1289.39,1289.39,0.0,0.0
3D_50_06_a,1471.1926866355795,1471.1926866355795,213.499784,,,,,1472.35,1473.5964000000001,3.0,3.8,1475.68,1475.68,2.0,2.0
3D_30_06_f,1264.5174981387938,1264.5174981387938,122.657577,,,,,1267.7,1269.2527999999998,3.0,3.38,1274.06,1274.06,0.0,0.0
3D_35_06_c,1615.5449618337564,1615.5449618337564,118.509642,,,,,1624.82,1626.6434000000006,3.0,3.88,1616.34,1616.34,0.0,0.0
3D_35_06_d,1359.9343787868945,1359.9343787868945,79.412818,,,,,1361.85,1362.5828,3.0,4.0,1360.07,1360.07,0.0,0.0
3D_40_06_a,1224.383845409004,1224.383845409004,140.38203199999998,,,,,1229.29,1230.7346,3.0,3.98,1226.45,1226.45,0.0,0.0
3D_35_06_e,1665.5059097368949,1665.5059097368949,60.233141,,,,,1666.66,1667.6109999999999,4.0,4.4,1667.28,1667.28,0.0,0.0
3D_35_06_f,1216.2803718533048,1216.2803718533048,98.75351,,,,,1224.7,1227.5037999999995,3.0,4.34,1221.49,1221.49,0.0,0.0
3D_45_06_f,1501.8952559723955,1501.8952559723955,106.275532,,,,,1502.64,1503.2640000000001,3.0,3.88,1501.91,1501.91,0.0,0.0
3D_30_06_e,925.2826114071094,925.2826114071094,99.942358,,,,,928.978,930.8739599999999,3.0,3.64,925.231,925.231,0.0,0.0
3D_40_06_f,1443.7879419423953,1443.7879419423953,84.447649,,,,,1448.08,1449.7902,3.0,3.72,1456.72,1456.72,0.0,0.0
3D_35_06_a,1370.6811665166713,1370.6811665166713,133.15604299999998,,,,,1372.26,1372.7674000000002,4.0,4.16,1370.75,1370.75,0.0,0.0
3D_35_06_b,1881.059414357299,1881.059414357299,163.60548,,,,,1887.58,1895.4625999999998,2.0,3.12,1881.43,1881.43,0.0,0.0
3D_45_06_e,1331.29919980497,1331.29919980497,88.184637,,,,,1338.23,1339.9273999999998,3.0,4.22,1337.62,1337.62,0.0,0.0
3D_45_06_d,1847.1631681600927,1847.1631681600927,120.073879,,,,,1858.09,1859.5343999999998,4.0,4.14,1849.07,1849.07,2.0,2.0
3D_45_06_c,1906.9377986283305,1906.9377986283305,101.164404,,,,,1917.6,1923.4190000000003,3.0,3.82,1908.65,1908.65,0.0,0.0
3D_45_06_b,1493.7186434557586,1493.7186434557586,106.365394,,,,,1495.27,1495.9154,3.0,3.82,1496.02,1496.02,0.0,0.0
3D_45_06_a,1675.9328995751532,1675.9328995751532,120.408662,,,,,1679.94,1680.7031999999997,4.0,4.1,1677.11,1677.11,0.0,0.0
3D_50_06_b,1200.519250492102,1200.519250492102,79.322003,,,,,1205.55,1206.948,4.0,4.02,1204.58,1204.58,0.0,0.0
3D_50_06_c,1280.4318164678389,1280.4318164678389,83.938503,,,,,1286.56,1288.1524,3.0,3.98,1283.72,1283.72,2.0,2.0
3D_50_06_d,1528.936204775373,1528.936204775373,99.231581,,,,,1530.95,1532.5994,3.0,4.04,1528.96,1528.96,0.0,0.0
3D_50_06_e,1240.3464024761715,1240.3464024761715,107.117404,,,,,1242.31,1242.8565999999996,3.0,3.3,1242.6,1242.6,0.0,0.0
3D_50_06_f,1697.102579501823,1697.102579501823,118.144045,,,,,1709.36,1710.9646,5.0,5.72,1704.16,1704.16,0.0,0.0
3D_30_07_f,1891.4188886861225,1891.4188886861225,241.516689,,,,,1898.53,1900.8324000000007,6.0,6.48,1892.36,1892.36,0.0,0.0
3D_40_07_e,1662.875510540099,1662.875510540099,173.271311,,,,,1667.0,1669.2879999999998,5.0,5.32,1662.94,1662.94,1.0,1.0
3D_40_07_f,1370.4118716029934,1370.4118716029934,154.417681,,,,,1375.72,1382.3817999999999,5.0,5.8,1379.96,1379.96,0.0,0.0
3D_40_07_a,1550.771431356542,1550.771431356542,140.924454,,,,,1553.59,1555.2546,5.0,5.78,1551.58,1551.58,0.0,0.0
3D_40_07_d,1853.6418617625045,1853.6418617625045,192.960907,,,,,1858.75,1859.8113999999998,4.0,4.88,1855.73,1855.73,0.0,0.0
3D_40_07_c,1418.3786887545202,1418.3786887545202,255.950841,,,,,1422.22,1423.9430000000002,5.0,5.54,1423.64,1423.64,0.0,0.0
3D_40_07_b,1705.7082278834696,1705.7082278834696,333.780569,,,,,1718.01,1722.1046000000001,5.0,5.72,1709.88,1709.88,0.0,0.0
3D_30_07_e,1421.0852894186526,1421.0852894186526,250.705532,,,,,1427.98,1429.0972000000004,4.0,4.82,1423.15,1423.15,0.0,0.0
3D_30_07_d,1709.2523877468957,1709.2523877468957,223.859376,,,,,1721.9,1723.7564000000007,4.0,5.14,1714.45,1714.45,0.0,0.0
3D_45_07_c,1668.6663323584985,1668.6663323584985,280.380705,,,,,1673.04,1677.562,5.0,5.32,1674.08,1674.08,0.0,0.0
3D_30_07_b,1763.2664199170797,1763.2664199170797,77.94232699999999,,,,,1767.87,1770.7034000000006,4.0,4.78,1765.31,1765.31,0.0,0.0
3D_50_07_c,1751.4667673341648,1751.4667673341648,195.139395,,,,,1758.82,1760.8035999999995,6.0,6.34,1752.61,1752.61,0.0,0.0
3D_50_07_d,1937.862657710684,1937.862657710684,377.308259,,,,,1943.23,1948.4050000000007,5.0,5.78,1942.18,1942.18,0.0,0.0
3D_30_07_c,1744.4186358206252,1744.4186358206252,99.144071,,,,,1749.11,1753.4637999999995,5.0,5.52,1746.43,1746.43,0.0,0.0
3D_50_07_e,1466.9741046377335,1466.9741046377335,202.43177,,,,,1469.05,1469.9156000000003,5.0,5.78,1467.92,1467.92,0.0,0.0
3D_35_07_f,1609.649932236643,1609.649932236643,177.086059,,,,,1617.38,1619.8195999999996,4.0,4.88,1612.26,1612.26,2.0,2.0
3D_35_07_e,1478.67904949844,1478.67904949844,226.275049,,,,,1486.97,1488.6612000000005,5.0,5.38,1483.58,1483.58,0.0,0.0
3D_35_07_d,1880.6170908738163,1880.6170908738163,318.55504,,,,,1885.87,1888.2403999999997,4.0,4.32,1886.65,1886.65,0.0,0.0
3D_35_07_c,1808.6864451199388,1808.6864451199388,215.802137,,,,,1812.87,1814.7246,6.0,6.26,1810.72,1810.72,2.0,2.0
3D_35_07_b,2047.27576481952,2047.27576481952,109.096904,,,,,2052.17,2053.925799999999,3.0,4.36,2052.13,2052.13,0.0,0.0
3D_35_07_a,1460.959888721423,1460.959888721423,321.918462,,,,,1466.57,1470.7395999999999,5.0,5.9,1462.85,1462.85,0.0,0.0
3D_50_07_b,1748.5163141785224,1748.5163141785224,247.10309,,,,,1751.4,1753.1631999999997,4.0,5.08,1749.19,1749.19,0.0,0.0
3D_50_07_f,1683.8306120959924,1683.8306120959924,176.41928199999998,,,,,1688.78,1693.5598000000005,5.0,5.3,1684.63,1684.63,1.0,1.0
3D_50_07_a,1379.4356517982255,1379.4356517982255,251.746492,,,,,1386.7,1391.1187999999997,5.0,6.04,1379.53,1379.53,0.0,0.0
3D_45_07_e,1535.6551112732843,1535.6551112732843,132.370331,,,,,1540.65,1542.5122000000001,5.0,5.6,1536.8,1536.8,0.0,0.0
3D_30_07_a,1345.240452448022,1345.240452448022,193.055566,,,,,1348.66,1350.5408000000004,4.0,5.16,1346.53,1346.53,0.0,0.0
3D_45_07_d,1625.8152201390008,1625.8152201390008,325.633167,,,,,1633.39,1636.2207999999998,5.0,5.78,1628.37,1628.37,0.0,0.0
3D_45_07_b,1709.3567724314348,1709.3567724314348,120.000922,,,,,1712.09,1714.779999999999,5.0,5.62,1710.64,1710.64,0.0,0.0
3D_45_07_a,1464.0064286086508,1464.0064286086508,111.165681,,,,,1468.81,1471.0560000000003,4.0,4.4,1466.42,1466.42,0.0,0.0
3D_45_07_f,1533.1142387523591,1533.1142387523591,83.412626,,,,,1536.77,1537.8944000000004,4.0,4.58,1536.58,1536.58,0.0,0.0
3D_40_08_a,1658.8571997359493,1658.8571997359493,173.66319299999998,,,,,1664.07,1666.0520000000001,6.0,6.56,1662.83,1662.83,0.0,0.0
3D_50_08_f,1542.7947245978182,1542.7947245978182,205.048295,,,,,1550.63,1552.8804,7.0,7.82,1544.35,1544.35,0.0,0.0
3D_50_08_e,1717.8464075623638,1717.8464075623638,467.076551,,,,,1723.53,1726.9001999999996,6.0,7.0,1719.19,1719.19,0.0,0.0
3D_50_08_d,1472.3778440561944,1472.3778440561944,4309.492138,,,,,1483.26,1489.7734,6.0,6.94,1477.05,1477.05,0.0,0.0
3D_40_08_f,1853.5925491451155,1853.5925491451155,752.9408609999999,,,,,1860.12,1870.5906000000002,7.0,7.66,1861.21,1861.21,0.0,0.0
3D_50_08_a,1809.4263799684,1809.4263799684,346.069642,,,,,1819.87,1822.9140000000002,7.0,7.82,1810.02,1810.02,0.0,0.0
3D_50_08_b,2097.622994009999,2097.622994009999,383.26366,,,,,2109.98,2112.414799999999,8.0,8.28,2106.59,2106.59,2.0,2.0
3D_40_08_e,2029.4451869151471,2029.4451869151471,443.647422,,,,,2038.66,2045.4404000000002,8.0,8.16,2029.77,2029.77,0.0,0.0
3D_40_08_d,1879.6285541880115,1879.6285541880115,406.386009,,,,,1883.48,1885.2584,7.0,7.4,1881.68,1881.68,0.0,0.0
3D_40_08_c,1663.977903867,1663.977903867,386.602257,,,,,1669.61,1670.7208,7.0,7.7,1669.71,1669.71,0.0,0.0
3D_50_08_c,1369.5173768688935,1369.5173768688935,183.648911,,,,,1374.06,1377.0654000000002,7.0,7.64,1375.92,1375.92,0.0,0.0
3D_40_08_b,1768.3122631652293,1768.3122631652293,108.922408,,,,,1778.92,1780.7318000000005,7.0,8.06,1788.51,1788.51,0.0,0.0
3D_35_08_c,1968.247941404035,1968.247941404035,650.836904,,,,,1973.35,1978.2677999999996,7.0,7.16,1968.78,1968.78,0.0,0.0
3D_35_08_f,1807.941020324561,1807.941020324561,157.206378,,,,,1818.74,1820.3390000000002,8.0,8.46,1808.26,1808.26,0.0,0.0
3D_30_08_a,1836.921388788676,1836.921388788676,555.682778,,,,,1839.76,1842.7044000000005,6.0,7.1,1838.99,1838.99,0.0,0.0
3D_30_08_b,1507.0106714082503,1507.0106714082503,247.728765,,,,,1512.2,1513.3573999999994,7.0,7.4,1509.2,1509.2,1.0,1.0
3D_30_08_c,1488.2206222525128,1488.2206222525128,838.671085,,,,,1495.26,1497.5295999999998,8.0,8.64,1488.29,1488.29,0.0,0.0
3D_30_08_d,1793.2935679995903,1793.2935679995903,1140.73179,,,,,1805.18,1812.4575999999995,7.0,7.56,1797.1,1797.1,1.0,1.0
3D_30_08_e,1796.6833234673786,1796.6833234673786,428.118096,,,,,1805.74,1807.0981999999997,7.0,7.16,1800.81,1800.81,0.0,0.0
3D_45_08_a,1872.691423529301,1872.691423529301,401.459414,,,,,1882.55,1891.2240000000008,6.0,6.76,1873.72,1873.72,1.0,1.0
3D_45_08_b,1794.4459949837608,1794.4459949837608,352.418101,,,,,1800.88,1805.0192000000004,6.0,6.9,1795.5,1795.5,1.0,1.0
3D_30_08_f,1711.540492348639,1711.540492348639,836.171661,,,,,1716.82,1721.3870000000002,6.0,6.94,1712.48,1712.48,0.0,0.0
3D_45_08_d,1708.8328100113115,1708.8328100113115,253.912062,,,,,1725.9,1730.4301999999998,6.0,7.1,1712.78,1712.78,3.0,3.0
3D_45_08_e,1378.4467776882252,1378.4467776882252,255.216035,,,,,1384.34,1388.6387999999997,8.0,8.2,1382.14,1382.14,0.0,0.0
3D_45_08_f,1661.853455661143,1661.853455661143,672.754281,,,,,1668.2,1672.0356,7.0,8.3,1662.86,1662.86,0.0,0.0
3D_35_08_a,1587.8513484162586,1587.8513484162586,713.586965,,,,,1595.06,1596.9952000000003,6.0,7.04,1596.14,1596.14,1.0,1.0
3D_35_08_b,2277.6642724175226,2277.6642724175226,736.8839399999999,,,,,2285.95,2290.446000000001,6.0,6.9,2279.86,2279.86,0.0,0.0
3D_35_08_d,1958.5299157645863,1958.5299157645863,1735.188345,,,,,1967.84,1974.9811999999993,6.0,7.16,1960.91,1960.91,0.0,0.0
3D_35_08_e,1798.5653317958115,1798.5653317958115,815.5257439999999,,,,,1804.08,1809.8562000000006,7.0,7.62,1802.1,1802.1,0.0,0.0
3D_45_08_c,1551.7900052533753,1551.7900052533753,652.613283,,,,,1561.36,1566.7722,5.0,5.6,1557.11,1557.11,0.0,0.0
3D_50_09_e,1786.3877021543028,1786.3877021543028,1927.482708,,,,,1790.11,1794.4261999999999,8.0,8.9,1790.49,1790.49,0.0,0.0
3D_35_09_a,2079.1440120038983,2079.1440120038983,679.291576,,,,,2085.25,2087.3448,9.0,9.5,2079.62,2079.62,0.0,0.0
3D_35_09_b,2387.7066536084862,2387.7066536084862,583.24073,,,,,2398.6,2406.7192000000005,9.0,9.34,2406.61,2406.61,0.0,0.0
3D_35_09_c,1832.9639557726389,1832.9639557726389,343.541149,,,,,1844.96,1846.8922,8.0,9.2,1836.33,1836.33,0.0,0.0
3D_35_09_d,2009.6184083950263,2009.6184083950263,960.64748,,,,,2009.83,2014.1942000000008,8.0,9.16,2007.68,2007.68,0.0,0.0
3D_50_09_f,1714.0277076779043,1714.0277076779043,181.090934,,,,,1723.13,1725.2049999999997,9.0,9.4,1714.72,1714.72,1.0,1.0
3D_30_09_f,1729.9483324384908,1729.9483324384908,1390.625953,,,,,1736.13,1740.1792,8.0,8.96,1730.53,1730.53,0.0,0.0
3D_40_09_b,1995.5461256142169,1995.5461256142169,3718.061601,,,,,2007.41,2032.9502,9.0,9.74,2001.4,2001.4,0.0,0.0
3D_50_09_d,1560.60769531475,1560.60769531475,3909.780071,,,,,1569.58,1576.9372,10.0,10.74,1562.09,1562.09,1.0,1.0
3D_50_09_c,2081.301871488829,2081.301871488829,679.930402,,,,,2087.59,2089.9519999999993,10.0,10.74,2081.81,2081.81,0.0,0.0
3D_50_09_b,1635.9442908807257,1635.9442908807257,733.704707,,,,,1651.18,1655.3103999999998,9.0,9.66,1641.06,1641.06,0.0,0.0
3D_50_09_a,1791.5058558702508,1791.5058558702508,966.748926,,,,,1801.55,1804.5758,8.0,8.94,1793.69,1793.69,0.0,0.0
3D_45_09_f,1813.7933994310729,1813.7933994310729,658.213789,,,,,1819.94,1821.9895999999999,9.0,10.22,1816.43,1816.43,1.0,1.0
3D_45_09_e,2091.666528147116,2091.666528147116,4038.818894,,,,,2096.81,2102.6002,9.0,9.76,2098.75,2098.75,0.0,0.0
3D_45_09_d,1773.2856665622105,1773.2856665622105,1027.047799,,,,,1794.73,1799.9367999999997,8.0,10.0,1786.28,1786.28,0.0,0.0
3D_45_09_c,1679.576831508156,1679.576831508156,2103.386441,,,,,1688.75,1693.2822000000003,7.0,8.06,1681.14,1681.14,0.0,0.0
3D_45_09_b,1605.736989612779,1605.736989612779,588.343634,,,,,1617.64,1625.9864000000002,9.0,9.36,1607.1,1607.1,1.0,1.0
3D_45_09_a,1400.85686368159,1400.85686368159,3004.693244,,,,,1408.25,1418.5858,7.0,8.26,1402.53,1402.53,1.0,1.0
3D_40_09_a,1837.309694517783,1837.309694517783,1043.172241,,,,,1852.22,1857.0141999999998,9.0,9.6,1837.43,1837.43,2.0,2.0
3D_30_09_a,1438.607808181293,1438.607808181293,1433.686069,,,,,1446.21,1450.7203999999997,8.0,8.42,1439.86,1439.86,0.0,0.0
3D_30_09_b,1716.8697505584337,1716.8697505584337,1887.601582,,,,,1720.5,1728.5824000000002,7.0,7.96,1717.33,1717.33,0.0,0.0
3D_35_09_f,1755.2308796500015,1755.2308796500015,479.967209,,,,,1760.41,1762.040600000001,8.0,8.82,1758.64,1758.64,0.0,0.0
3D_30_09_d,1843.4720439187583,1843.4720439187583,1639.701993,,,,,1851.74,1857.6798000000003,8.0,8.18,1851.89,1851.89,0.0,0.0
3D_30_09_e,1664.3687929228067,1664.3687929228067,233.125401,,,,,1670.34,1676.5749999999998,8.0,9.0,1667.15,1667.15,0.0,0.0
3D_40_09_c,1976.8424770721504,1976.8424770721504,878.370356,,,,,1984.39,1986.3124000000005,9.0,9.84,1980.46,1980.46,0.0,0.0
3D_40_09_d,2196.88838998144,2196.88838998144,4804.924043,,,,,2205.51,2213.5924,8.0,8.52,2208.91,2208.91,1.0,1.0
3D_40_09_e,1574.510315492793,1574.510315492793,297.548034,,,,,1585.52,1590.1008000000002,8.0,9.06,1583.22,1583.22,0.0,0.0
3D_35_09_e,2036.6926890395684,2036.6926890395684,742.660838,,,,,2044.12,2046.0039999999997,9.0,9.82,2037.62,2037.62,0.0,0.0
3D_40_09_f,1855.7450776836504,1855.7450776836504,4412.991105,,,,,1873.45,1880.5097999999996,8.0,8.6,1857.72,1857.72,1.0,1.0
3D_30_09_c,1538.8124784612658,1538.8124784612658,1600.851799,,,,,1543.93,1547.1629999999998,9.0,10.04,1545.97,1545.97,0.0,0.0
3D_50_10_f,2169.598949426564,2169.598949426564,2278.159715,,,,,2176.47,2178.0192,12.0,12.96,2173.62,2173.62,0.0,0.0
3D_50_10_e,1737.724066366786,1737.724066366786,636.282695,,,,,1747.08,1748.7214000000004,11.0,11.86,1747.25,1747.25,0.0,0.0
3D_50_10_d,2023.3643487110623,2023.3643487110623,1684.356071,,,,,2034.09,2039.1208000000004,11.0,12.62,2026.21,2026.21,0.0,0.0
3D_50_10_c,1833.224664319573,1833.224664319573,1747.526367,,,,,1840.63,1850.1878,13.0,13.72,1833.73,1833.73,0.0,0.0
3D_50_10_b,2037.8198428645649,2037.8198428645649,3837.077151,,,,,2051.49,2059.9184,11.0,12.24,2053.58,2053.58,0.0,0.0
3D_50_10_a,1900.697403579466,1900.697403579466,5602.424075,,,,,1908.37,1915.4542,10.0,11.1,1900.91,1900.91,0.0,0.0
3D_45_10_b,2147.136894843572,2147.136894843572,2199.905818,,,,,2160.57,2167.8922000000007,11.0,11.82,2147.54,2147.54,0.0,0.0
3D_45_10_c,2377.266363001513,2377.266363001513,2954.999762,,,,,2385.75,2395.6915999999997,12.0,12.62,2383.31,2383.31,1.0,1.0
3D_45_10_d,1522.093354047753,1522.093354047753,1477.6106,,,,,1528.77,1532.1788000000001,10.0,10.78,1523.36,1523.36,0.0,0.0
3D_45_10_e,1865.918808881623,1865.918808881623,1078.889148,,,,,1872.38,1877.6633999999997,11.0,11.24,1868.34,1868.34,1.0,1.0
3D_45_10_f,1792.2030657209957,1792.2030657209957,3308.926336,,,,,1801.73,1805.3558000000005,11.0,11.7,1792.28,1792.28,0.0,0.0
3D_40_10_a,2117.4717547424057,2117.4717547424057,1683.751484,,,,,2122.56,2128.4694000000004,10.0,10.82,2122.32,2122.32,0.0,0.0
3D_40_10_b,2100.9854577392225,2100.9854577392225,1741.260839,,,,,2117.03,2121.3628,11.0,12.04,2113.72,2113.72,0.0,0.0
3D_40_10_d,1925.2504791278088,1925.2504791278088,716.431098,,,,,1930.74,1931.9976000000001,11.0,11.9,1925.39,1925.39,0.0,0.0
3D_40_10_e,2080.4281784709374,2080.4281784709374,1256.676777,,,,,2094.74,2108.3766,11.0,11.7,2084.73,2084.73,0.0,0.0
3D_40_10_f,2047.0185671487448,2047.0185671487448,3219.955175,,,,,2051.87,2054.9888000000005,10.0,11.24,2049.98,2049.98,1.0,1.0
3D_45_10_a,2118.5460126880007,2118.5460126880007,5709.252993,,,,,2131.52,2145.5006000000003,11.0,12.1,2120.34,2120.34,1.0,1.0
3D_40_10_c,2425.861621338961,2425.861621338961,7076.87732,,,,,2443.01,2457.0998,11.0,12.14,2429.88,2429.88,0.0,0.0
3D_30_10_a,2235.6980604614378,2235.6980604614378,3595.341136,,,,,2239.5,2243.4804,11.0,11.28,2239.02,2239.02,0.0,0.0
3D_30_10_b,1753.6267960231123,1753.6267960231123,7354.097651,,,,,1763.13,1768.636799999999,10.0,11.62,1755.06,1755.06,0.0,0.0
3D_30_10_c,2175.2185151197928,2175.2185151197928,765.271921,,,,,2184.8,2188.5408,11.0,11.36,2182.47,2182.47,0.0,0.0
3D_30_10_d,1902.3030056222408,1902.3030056222408,2972.99739,,,,,1915.17,1918.0276000000006,10.0,10.94,1902.56,1902.56,0.0,0.0
3D_30_10_e,1635.46151808332,1635.46151808332,2519.490985,,,,,1644.15,1648.0193999999992,12.0,12.44,1638.65,1638.65,0.0,0.0
3D_35_10_a,1890.521310753468,1890.521310753468,1274.937747,,,,,1897.93,1902.0107999999998,11.0,11.8,1892.33,1892.33,0.0,0.0
3D_35_10_f,1978.5822724697,1978.5822724697,4296.197026,,,,,1994.56,2002.3649999999998,11.0,11.44,1983.1,1983.1,2.0,2.0
3D_35_10_e,1994.842588154024,1994.842588154024,2102.915754,,,,,1999.63,2001.9233999999997,11.0,11.58,1996.44,1996.44,0.0,0.0
3D_35_10_d,2247.780601901911,2247.780601901911,2994.522646,,,,,2256.79,2261.4829999999997,10.0,10.42,2248.22,2248.22,0.0,0.0
3D_35_10_c,2132.9111567020827,2132.9111567020827,4877.725682,,,,,2143.03,2148.5589999999997,11.0,11.78,2138.08,2138.08,0.0,0.0
3D_35_10_b,2024.734959097244,2024.734959097244,1775.5871,,,,,2038.1,2044.7178000000006,9.0,9.56,2025.74,2025.74,0.0,0.0
3D_30_10_f,1725.2056918479443,1725.2056918479443,2304.821034,,,,,1729.9,1737.337000000001,10.0,10.74,1725.74,1725.74,1.0,1.0
3D_50_11_b,1928.2485435366127,1928.2485435366127,11129.636707,,,,,1938.08,1956.0315999999993,14.0,14.36,1930.04,1930.04,0.0,0.0
3D_35_11_c,2345.64034634068,2345.64034634068,23849.853799,,,,,2367.68,2444.3078,15.0,15.46,2352.09,2352.09,0.0,0.0
3D_35_11_b,2345.0488448756428,2345.0488448756428,2920.204943,,,,,2364.77,2369.3728,12.0,12.3,2345.08,2345.08,0.0,0.0
3D_35_11_a,2003.57908524714,2003.57908524714,26954.212885,,,,,2014.91,2030.8102000000001,13.0,14.18,2014.87,2014.87,0.0,0.0
3D_30_11_b,2141.739555296332,2141.739555296332,3885.822745,,,,,2150.88,2158.4902000000006,12.0,13.3,2144.41,2144.41,0.0,0.0
3D_30_11_a,1887.5374698366536,1887.5374698366536,27247.02522,,,,,1896.69,1909.0581999999997,12.0,13.48,1890.71,1890.71,0.0,0.0
3D_35_11_d,1727.089259534754,1727.089259534754,8243.036928,,,,,1736.8,1740.8099999999995,15.0,15.36,1731.34,1731.34,0.0,0.0
3D_30_11_c,2048.177272285623,2048.177272285623,2531.447699,,,,,2058.41,2062.3060000000005,13.0,14.36,2049.44,2049.44,2.0,2.0
3D_30_11_d,1756.5262872579665,1756.5262872579665,19952.552786,,,,,1768.02,1779.0490000000002,14.0,14.62,1757.99,1757.99,0.0,0.0
3D_30_11_e,2279.121305617,2315.115822297424,36050.317921,,,,,2324.94,2339.8414000000002,12.0,13.1,2321.68,2321.68,0.0,0.0
3D_30_11_f,1917.8512079210127,1917.8512079210127,3639.1408,,,,,1925.44,1929.8924000000004,13.0,13.5,1921.05,1921.05,0.0,0.0
3D_50_11_a,1985.5726898419648,1985.5726898419648,2303.243566,,,,,1993.32,2005.2334000000003,13.0,13.44,1986.8,1986.8,0.0,0.0
3D_50_11_c,1873.793550695576,1873.793550695576,7801.138179,,,,,1885.65,1892.1097999999997,14.0,14.84,1877.99,1877.99,0.0,0.0
3D_50_11_f,2138.1166404296646,2138.1166404296646,8176.31596,,,,,2146.18,2164.9653999999996,12.0,13.7,2140.0,2140.0,0.0,0.0
3D_35_11_e,1943.132181791853,1966.618879817085,36018.456144,,,,,1979.23,1998.3503999999991,14.0,15.14,1967.07,1967.07,0.0,0.0
3D_50_11_e,2216.538938304808,2216.538938304808,6817.500364,,,,,2232.61,2241.7436000000007,14.0,15.22,2224.05,2224.05,0.0,0.0
3D_40_11_a,2441.853044313956,2441.853044313956,7472.546154,,,,,2456.13,2460.7919999999995,13.0,14.32,2462.17,2462.17,0.0,0.0
3D_40_11_b,2403.309215722318,2403.309215722318,17528.736808999998,,,,,2414.46,2439.4628,14.0,15.46,2409.9,2409.9,0.0,0.0
3D_40_11_c,2033.3331419403405,2033.3331419403405,4081.955899,,,,,2046.94,2064.6762,15.0,15.28,2041.85,2041.85,0.0,0.0
3D_35_11_f,2182.371233580721,2182.371233580721,6198.270891,,,,,2190.9,2200.5170000000003,13.0,13.74,2187.29,2187.29,0.0,0.0
3D_45_11_a,2110.6603741710665,2110.6603741710665,5147.162514,,,,,2122.53,2127.7819999999992,14.0,14.2,2112.57,2112.57,1.0,1.0
3D_45_11_b,2250.8228805140084,2250.8228805140084,2005.349147,,,,,2257.56,2260.6245999999996,13.0,13.44,2253.03,2253.03,0.0,0.0
3D_45_11_c,1885.2233360170264,1885.2233360170264,5317.249446,,,,,1897.95,1905.2594000000004,12.0,12.68,1895.76,1895.76,0.0,0.0
3D_45_11_d,1778.505815647104,1778.505815647104,1164.755692,,,,,1785.8,1787.2042,14.0,14.86,1779.61,1779.61,0.0,0.0
3D_45_11_e,2184.2481907445326,2184.2481907445326,1267.8953709999998,,,,,2192.08,2193.0129999999995,14.0,15.04,2187.68,2187.68,0.0,0.0
3D_45_11_f,1805.615278440574,1805.615278440574,21850.534203,,,,,1812.98,1821.2263999999998,12.0,12.68,1808.61,1808.61,0.0,0.0
3D_50_11_d,1883.8163266702995,1883.8163266702995,18496.627613,,,,,1891.3,1909.1257999999996,14.0,14.56,1887.28,1887.28,0.0,0.0
3D_40_11_d,2375.536759744541,2375.536759744541,4832.193348,,,,,2386.13,2390.2642000000005,14.0,14.46,2378.15,2378.15,1.0,1.0
3D_40_11_e,2003.1938102449108,2003.1938102449108,6345.949049,,,,,2016.23,2023.1989999999996,15.0,15.44,2008.93,2008.93,1.0,1.0
3D_40_11_f,2408.738643022022,2466.132391806362,36072.275995,,,,,2493.34,2536.0449999999996,13.0,13.58,2474.41,2474.41,1.0,1.0
3D_35_12_e,1993.449322043888,1993.449322043888,29395.240952,,,,,1999.64,2007.3209999999995,15.0,16.68,2000.86,2000.86,0.0,0.0
3D_30_12_f,1977.2108097598225,1977.2108097598225,4392.901181,,,,,1986.73,1991.1377999999995,16.0,16.48,1980.65,1980.65,1.0,1.0
3D_45_12_a,1768.555291959708,1768.555291959708,14307.649818,,,,,1784.69,1791.3230000000005,14.0,15.28,1775.27,1775.27,0.0,0.0
3D_45_12_e,2289.4707252727217,2289.4707252727217,14882.991384,,,,,2296.41,2301.9246000000003,17.0,17.36,2290.38,2290.38,1.0,1.0
3D_45_12_c,2051.696941061057,2079.8133468219025,36069.007372,,,,,2090.35,2101.9815999999996,16.0,17.28,2083.51,2083.51,0.0,0.0
3D_45_12_b,2222.872418701252,2222.872418701252,32405.443773,,,,,2229.42,2239.9655999999995,17.0,17.22,2223.25,2223.25,2.0,2.0
3D_35_12_a,2150.887385491962,2150.887385491962,18335.712181,,,,,2171.33,2185.1857999999997,17.0,17.8,2154.54,2154.54,1.0,1.0
3D_35_12_b,2369.891117885266,2451.3899512360654,36015.39143,,,,,2468.63,2502.8082000000004,16.0,16.72,2461.29,2461.29,0.0,0.0
3D_35_12_c,2181.075358341591,2181.075358341591,18087.94208,,,,,2194.57,2204.7272,17.0,18.2,2183.48,2183.48,0.0,0.0
3D_35_12_f,1796.2551171950963,1796.2551171950963,18612.053521,,,,,1806.89,1819.4908000000005,16.0,16.78,1814.82,1814.82,0.0,0.0
3D_45_12_f,1940.1151811747063,1940.1151811747063,22155.666645,,,,,1949.78,1953.8448000000008,17.0,17.64,1944.73,1944.73,0.0,0.0
3D_35_12_d,2331.220803793385,2480.943313387556,36016.697486,,,,,2497.35,2504.6411999999996,15.0,15.38,2488.99,2488.99,0.0,0.0
3D_45_12_d,2369.574908389606,2369.574908389606,29096.247055,,,,,2381.24,2398.8666,16.0,17.12,2370.46,2370.46,2.0,2.0
3D_30_12_d,2106.0806260481186,2176.892849807397,36045.25495,,,,,2186.92,2211.7186000000006,16.0,16.36,2185.15,2185.15,0.0,0.0
3D_40_12_f,2108.1462063962435,2243.7017589497555,36004.258604999995,,,,,2253.9,2268.4592,15.0,15.34,2257.76,2257.76,0.0,0.0
3D_40_12_e,2092.561566602543,2092.561566602543,5290.043455,,,,,2107.63,2114.4662,17.0,17.68,2096.96,2096.96,2.0,2.0
3D_40_12_d,2608.912910696943,2646.5940516882,36009.670202,,,,,2657.14,2669.2719999999995,16.0,16.9,2658.75,2658.75,0.0,0.0
3D_40_12_c,2265.8657908366267,2350.94001535528,36053.211097,,,,,2364.92,2370.707000000001,19.0,20.34,2358.07,2358.07,1.0,1.0
3D_40_12_b,2224.2940837466504,2259.1858995151,36080.626706,,,,,2266.55,2301.8301999999994,17.0,18.04,2257.1,2257.1,0.0,0.0
3D_50_12_f,1827.4571677828264,1917.1909828262835,36096.952576,,,,,1930.31,1940.3396000000002,16.0,16.88,1925.21,1925.21,0.0,0.0
3D_50_12_e,2580.1799177355565,2580.1799177355565,8050.927199,,,,,2595.32,2622.8567999999996,17.0,18.14,2588.6,2588.6,0.0,0.0
3D_50_12_c,1668.4925010611678,1668.4925010611678,3803.47972,,,,,1678.48,1684.5004,17.0,18.16,1674.38,1674.38,0.0,0.0
3D_50_12_b,1531.31259984273,1531.31259984273,1102.213787,,,,,1542.96,1546.7298,18.0,18.86,1534.38,1534.38,0.0,0.0
3D_50_12_a,1742.7630253495936,1742.7630253495936,25372.673933,,,,,1752.25,1757.4256000000003,16.0,17.0,1744.85,1744.85,2.0,2.0
3D_50_12_d,2132.309202459711,2132.309202459711,7853.004835,,,,,2145.72,2155.222,17.0,17.96,2138.62,2138.62,2.0,2.0
3D_30_12_c,2041.9137798007032,2041.9137798007032,8206.734615,,,,,2056.47,2074.0222,17.0,17.86,2049.52,2049.52,0.0,0.0
3D_40_12_a,2312.574850151688,2312.574850151688,3568.924789,,,,,2320.63,2323.4447999999998,16.0,17.24,2312.6,2312.6,2.0,2.0
3D_30_12_b,2225.615079866894,2225.615079866894,10729.68417,,,,,2238.17,2278.2231999999995,16.0,17.04,2228.48,2228.48,0.0,0.0
3D_30_12_a,2329.6302106098474,2359.413645712724,36465.472933,,,,,2365.89,2368.6662,15.0,16.02,2364.85,2364.85,1.0,1.0
3D_30_12_e,1901.5431078965591,1901.5431078965591,10612.683278,,,,,1913.79,1941.3006,17.0,17.46,1903.15,1903.15,0.0,0.0
3D_45_13_c,2415.588397179172,2552.2147592143456,36252.973394,,,,,2559.52,2581.1406,18.0,18.9,2549.24,2549.24,0.0,0.0
3D_40_13_f,1980.6178009508567,2065.715753396617,36338.843224,,,,,2077.95,2083.0883999999996,19.0,19.94,2070.52,2070.52,0.0,0.0
3D_45_13_e,1820.028354903654,1826.387776011641,36192.234083,,,,,1837.63,1857.7604000000001,18.0,19.06,1831.15,1831.15,2.0,2.0
3D_45_13_b,2626.439576924869,2670.309757162444,36544.565344,,,,,2677.41,2700.896199999999,19.0,20.9,2676.82,2676.82,0.0,0.0
3D_45_13_f,1873.8668445296007,1920.1022599000512,37590.820671,,,,,1925.29,1944.6953999999998,19.0,20.54,1919.91,1919.91,0.0,0.0
3D_40_13_a,2037.475975699452,2247.5325324192845,36006.517951,,,,,2264.48,2292.3232000000003,19.0,19.66,2249.66,2249.66,0.0,0.0
3D_40_13_b,2160.3350895079184,2312.8794708207106,36029.009233,,,,,2310.59,2315.2360000000003,18.0,18.78,2313.9,2313.9,0.0,0.0
3D_40_13_c,2272.036833527126,2336.9573467352566,36015.023529,,,,,2349.24,2353.5377999999996,21.0,21.48,2340.74,2340.74,1.0,1.0
3D_40_13_d,2364.822650178044,2422.260104576363,36181.989112,,,,,2431.44,2459.7888000000003,20.0,20.9,2423.24,2423.24,2.0,2.0
3D_40_13_e,2163.6604007221545,2163.6604007221545,16755.676687,,,,,2189.55,2220.9302,18.0,19.0,2166.15,2166.15,2.0,2.0
3D_45_13_d,2151.083776030359,2355.727137393568,36036.041054,,,,,2363.79,2374.8232,20.0,21.2,2352.96,2352.96,2.0,2.0
3D_45_13_a,2302.2643669603453,2586.8457576719857,36025.704737,,,,,2571.77,2595.8402000000006,18.0,19.54,2556.18,2556.18,1.0,1.0
3D_50_13_e,2359.576958688538,2359.576958688538,11970.008006,,,,,2368.63,2379.0618000000004,19.0,19.3,2362.24,2362.24,0.0,0.0
3D_50_13_b,2161.531947899825,2252.947523872463,36137.465685,,,,,2265.01,2282.8536,18.0,19.22,2253.58,2253.58,2.0,2.0
3D_30_13_c,2369.366843949699,2372.605031946097,36099.996221,,,,,2378.38,2394.3999999999996,20.0,20.7,2379.4,2379.4,0.0,0.0
3D_30_13_d,2221.579966329825,2491.7798197003594,36045.675648,,,,,2499.4,2521.8518,20.0,20.56,2486.46,2486.46,0.0,0.0
3D_30_13_e,1926.8436446873925,2035.912748305633,36005.331707,,,,,2066.1,2081.8581999999997,20.0,21.52,2052.29,2052.29,0.0,0.0
3D_50_13_a,2018.207076848945,2085.033731087414,36066.171948,,,,,2092.86,2099.157799999999,22.0,22.34,2105.04,2105.04,0.0,0.0
3D_50_13_f,2437.43542963955,2459.9898579859528,39387.954629,,,,,2474.34,2482.9808,19.0,19.84,2461.04,2461.04,0.0,0.0
3D_50_13_c,2213.2285739139256,2257.0484855005657,36453.758968,,,,,2264.74,2269.6364000000003,20.0,20.98,2265.66,2265.66,0.0,0.0
3D_50_13_d,2153.106530930794,2184.564624151795,85780.30075699999,,,,,2200.72,2208.4458,20.0,20.68,2188.68,2188.68,0.0,0.0
3D_30_13_b,2336.146191185652,2525.142946859068,36065.321005,,,,,2535.76,2562.6366,18.0,19.36,2522.38,2522.38,0.0,0.0
3D_30_13_f,1926.9833153447128,1926.982048411077,11701.188488,,,,,1935.07,1939.5974000000008,20.0,20.96,1931.6,1931.6,0.0,0.0
3D_35_13_e,2067.713073821559,2232.9400861172626,36056.633529,,,,,2229.34,2234.2326000000007,19.0,20.36,2232.32,2232.32,2.0,2.0
3D_35_13_d,2237.01122308692,2237.01122308692,18482.661828,,,,,2245.61,2250.2924000000003,18.0,18.86,2239.65,2239.65,0.0,0.0
3D_35_13_c,2164.5022355836472,2436.231035953215,36266.428547,,,,,2446.62,2469.4597999999996,19.0,19.34,2412.4,2412.4,0.0,0.0
3D_35_13_b,2765.647290218608,2840.593429748086,36029.566607,,,,,2857.34,2874.8556,16.0,17.44,2851.48,2851.48,0.0,0.0
3D_35_13_a,2510.693111784956,2727.078572730953,36165.454815,,,,,2739.27,2759.0917999999992,20.0,20.66,2722.72,2722.72,0.0,0.0
3D_35_13_f,2035.277678023013,2039.446119116852,36003.735064,,,,,2053.6,2058.3216,18.0,19.08,2041.33,2041.33,0.0,0.0
3D_30_13_a,2265.653913542741,2358.7805427099383,36013.655695,,,,,2383.98,2404.5642000000003,19.0,19.5,2360.28,2360.28,0.0,0.0
3D_30_14_f,2258.5296853553286,2395.4804994953265,36021.782506,,,,,2406.24,2472.0748000000003,23.0,24.2,2393.34,2393.34,0.0,0.0
3D_30_14_c,2369.348032520459,2508.5328875338687,36086.527039,,,,,2499.83,2502.6374000000005,24.0,24.68,2494.84,2494.84,0.0,0.0
3D_30_14_b,2287.158801363442,2288.2534790097566,36019.503571,,,,,2299.65,2320.1178000000004,25.0,25.38,2293.57,2293.57,1.0,1.0
3D_30_14_a,2158.406210369132,2279.4666160459133,36017.928191,,,,,2287.75,2318.6618,22.0,22.64,2300.53,2300.53,0.0,0.0
3D_50_14_a,2335.094674388384,2561.5679417125493,36021.019862,,,,,2549.79,2573.9452,21.0,22.2,2536.41,2536.41,0.0,0.0
3D_30_14_e,2048.450417734482,2048.450417734482,22055.935187,,,,,2060.47,2066.1278000000007,24.0,24.44,2054.77,2054.77,0.0,0.0
3D_50_14_d,2205.489165907612,2335.474310502877,36264.672262,,,,,2318.79,2333.284000000001,25.0,25.84,2309.27,2309.27,2.0,2.0
3D_50_14_c,2138.3061220915115,2138.3061220915115,20363.674706,,,,,2152.38,2156.7083999999995,25.0,26.34,2140.69,2140.69,1.0,1.0
3D_50_14_b,2077.104001093895,2211.929241108981,36017.319495,,,,,2211.14,2235.5106,22.0,23.14,2204.01,2204.01,0.0,0.0
3D_30_14_d,2067.654286316491,2148.632063676,36038.942314,,,,,2210.74,2223.0615999999995,23.0,24.34,2143.05,2143.05,0.0,0.0
3D_45_14_f,2123.317865881633,2202.2312900576976,36302.779254,,,,,2203.26,2214.566,22.0,23.24,2202.08,2202.08,0.0,0.0
3D_50_14_f,2297.329304448904,2343.3114312552475,36032.102087,,,,,2355.14,2394.3190000000004,23.0,23.3,2354.08,2354.08,0.0,0.0
3D_35_14_a,2165.646962657237,2290.50566567674,36020.701511,,,,,2295.54,2312.4998,22.0,23.42,2287.34,2287.34,0.0,0.0
3D_35_14_f,2588.8075515997857,2909.0610699446083,36006.296924999995,,,,,2856.89,2975.7097999999996,22.0,22.9,2844.62,2844.62,1.0,1.0
3D_35_14_e,2525.110328674348,2773.9595986629115,36044.024425,,,,,2773.01,2798.9682000000007,23.0,23.4,2761.07,2761.07,0.0,0.0
3D_35_14_d,2117.6068576444604,2211.624688519061,36025.82365,,,,,2237.31,2308.3068,21.0,22.4,2213.28,2213.28,0.0,0.0
3D_35_14_c,2410.295478076184,2636.055250732745,36028.872895,,,,,2620.48,2639.7998,21.0,22.44,2614.03,2614.03,0.0,0.0
3D_35_14_b,2474.236714844379,2563.6072406778203,36065.434084,,,,,2586.65,2627.6902,21.0,22.18,2563.34,2563.34,0.0,0.0
3D_50_14_e,1936.458972193364,2137.096792361449,36021.127198999995,,,,,2143.27,2162.552,23.0,23.76,2133.38,2133.38,1.0,1.0
3D_45_14_a,2355.0244526195606,2517.346556742681,36001.089405,,,,,2530.78,2565.7731999999996,21.0,22.44,2525.73,2525.73,0.0,0.0
3D_45_14_b,2448.735436853519,2514.6455047344443,36108.361017,,,,,2525.59,2537.3029999999994,21.0,22.76,2535.87,2535.87,0.0,0.0
3D_45_14_c,2676.81692494183,2676.81692494183,29377.204686,,,,,2693.84,2698.8691999999996,21.0,21.7,2679.31,2679.31,1.0,1.0
3D_45_14_d,2296.945896165786,2420.865921607051,36078.445466,,,,,2426.04,2432.3831999999993,21.0,22.08,2421.72,2421.72,0.0,0.0
3D_45_14_e,2432.2331198487464,2552.259567644581,36097.124158,,,,,2568.2,2586.5128000000004,23.0,23.8,2563.8,2563.8,1.0,1.0
3D_40_14_f,2090.7522474811885,2116.960163883922,36487.206861,,,,,2127.03,2136.0678000000007,23.0,23.96,2118.55,2118.55,0.0,0.0
3D_40_14_e,2159.8639352709365,2347.0489884250733,36020.641448999995,,,,,2350.13,2380.7436,24.0,25.2,2340.92,2340.92,1.0,1.0
3D_40_14_d,2389.934386672101,2389.934386672101,32206.891603,,,,,2400.04,2403.1269999999995,22.0,22.74,2389.99,2389.99,0.0,0.0
3D_40_14_c,2010.402612608348,2186.366926647688,36045.837324,,,,,2203.24,2215.2375999999995,25.0,25.48,2188.61,2188.61,1.0,1.0
3D_40_14_b,2288.308345243543,2552.123940752944,36045.001705,,,,,2549.28,2557.9727999999996,21.0,21.76,2541.88,2541.88,0.0,0.0
3D_40_14_a,2443.738248210133,2519.498929461209,36014.330665,,,,,2530.38,2548.7529999999997,24.0,25.28,2519.58,2519.58,1.0,1.0
3D_40_15_d,2345.2683987554046,2606.2191635595373,36783.565453,,,,,2607.02,2627.3116000000005,27.0,28.34,2596.01,2596.01,0.0,0.0
3D_50_15_d,2311.890747205953,2551.375196975894,36018.230146,,,,,2559.71,2572.2376,28.0,28.86,2547.18,2547.18,0.0,0.0
3D_50_15_c,2210.417251970838,2592.1972237473387,36007.543468,,,,,2569.73,2606.453399999999,24.0,25.16,2564.62,2564.62,0.0,0.0
3D_50_15_b,2343.828686736335,2475.662399101123,36016.224294,,,,,2490.77,2535.6057999999994,26.0,26.94,2485.33,2485.33,0.0,0.0
3D_50_15_a,2547.9333404208523,2758.375380365849,36177.879475,,,,,2774.18,2815.5194,25.0,26.26,2770.42,2770.42,1.0,1.0
3D_30_15_f,2217.763897598534,2495.3354252094327,39446.349561,,,,,2479.2,2490.6651999999995,24.0,24.96,2474.17,2474.17,0.0,0.0
3D_30_15_e,2006.622099770613,2089.5575560500674,36166.332684,,,,,2101.58,2106.297,27.0,28.06,2095.29,2095.29,0.0,0.0
3D_30_15_d,2467.846581787904,2812.240162477291,36485.885988,,,,,2830.03,2844.1798,25.0,26.28,2800.24,2800.24,0.0,0.0
3D_40_15_f,2001.641373537736,2252.33037605706,36047.711301,,,,,2256.29,2286.3117999999986,23.0,24.1,2245.2,2245.2,1.0,1.0
3D_30_15_b,2289.384772057167,2697.210778976102,36002.992745,,,,,2714.18,2724.3723999999997,28.0,29.24,2700.1,2700.1,1.0,1.0
3D_30_15_a,2125.6967872081013,2435.0616247163184,36009.724666,,,,,2440.17,2456.084,25.0,26.86,2426.85,2426.85,0.0,0.0
3D_40_15_e,1944.563054493157,2129.314873340538,36261.638966,,,,,2116.92,2128.0974,25.0,26.28,2108.08,2108.08,0.0,0.0
3D_50_15_e,2194.69236597496,2374.013652632708,36010.027006,,,,,2374.38,2398.7062,24.0,24.74,2365.37,2365.37,0.0,0.0
3D_40_15_a,2449.599921782716,2811.0408123154257,36087.755561,,,,,2810.6,2838.5706,27.0,28.1,2795.39,2795.39,1.0,1.0
3D_40_15_b,,,,,,,,2394.59,2404.3958000000002,24.0,24.74,2389.82,2389.82,1.0,1.0
3D_40_15_c,2191.569435182239,2506.712551871412,36229.99513,,,,,2496.28,2504.1433999999995,27.0,27.56,2493.33,2493.33,0.0,0.0
3D_30_15_c,2539.179849437505,2736.9186401868465,37317.385323,,,,,2740.19,2766.0672000000004,27.0,27.8,2730.7,2730.7,0.0,0.0
3D_45_15_a,2353.7226809017748,2715.913586013481,37157.697536,,,,,2706.49,2739.5735999999997,24.0,24.98,2703.81,2703.81,0.0,0.0
3D_50_15_f,2164.37290100686,2523.8502320870275,36272.937846,,,,,2539.19,2587.5428,24.0,25.82,2525.36,2525.36,1.0,1.0
3D_35_15_a,2351.678654207712,2748.752515819705,36015.205053,,,,,2753.94,2781.4880000000003,26.0,27.3,2749.39,2749.39,0.0,0.0
3D_45_15_b,2170.556776529629,2436.680408503154,36354.683703,,,,,2494.92,2505.4934000000003,30.0,31.72,2432.58,2432.58,0.0,0.0
3D_45_15_c,2650.2592257469105,3083.846431856503,36050.971194,,,,,3077.1,3127.290600000001,23.0,24.12,3059.51,3059.51,1.0,1.0
3D_45_15_d,2486.278970370798,2642.0090844425063,36017.343663,,,,,2657.3,2713.5258000000003,26.0,26.44,2641.14,2641.14,0.0,0.0
3D_45_15_e,2531.9736666812832,2762.21331526223,36188.923515,,,,,2757.09,2827.9637999999995,23.0,24.4,2748.79,2748.79,1.0,1.0
3D_45_15_f,2108.47829823468,2266.4001609924094,36659.884697,,,,,2268.74,2290.6276000000003,25.0,26.58,2268.02,2268.02,0.0,0.0
3D_35_15_b,2332.410253344563,2456.752079434175,36398.906572,,,,,2463.18,2515.1836,20.0,21.28,2459.78,2459.78,2.0,2.0
3D_35_15_c,2367.7095504202816,2871.3968735154635,36014.205121,,,,,2885.96,2922.4136,26.0,26.84,2864.45,2864.45,0.0,0.0
3D_35_15_d,2283.243734839103,2868.720135728092,37822.591709,,,,,2772.59,2830.808399999999,25.0,26.1,2764.52,2764.52,0.0,0.0
3D_35_15_e,2145.1171478045294,2284.171478986377,36044.049909,,,,,2292.29,2329.6937999999996,26.0,27.04,2287.0,2287.0,0.0,0.0
3D_35_15_f,2020.40568597768,2281.83710721354,36015.118635,,,,,2272.13,2278.849,26.0,26.34,2261.46,2261.46,1.0,1.0
3D_40_20_e,2447.722520984534,3030.930782976636,36029.328035,,,,,2927.66,2972.0930000000003,44.0,45.88,2911.48,2911.48,0.0,0.0
3D_40_20_d,2600.5507983871985,3261.431947400196,36086.715969,,,,,3237.48,3341.4152000000017,47.0,48.5,3225.14,3225.14,0.0,0.0
3D_40_20_c,2303.0842270206645,2859.1113648056275,36054.430383,,,,,2845.07,2872.6357999999996,48.0,49.9,2796.38,2796.38,1.0,1.0
3D_50_20_d,2154.74130410492,2650.979169382449,36078.935834,,,,,2602.92,2623.2816,48.0,49.34,2590.23,2590.23,1.0,1.0
3D_40_20_a,2195.9924605652463,2760.391679002621,36554.978944,,,,,2750.6,2768.6297999999997,40.0,42.22,2730.7,2730.7,1.0,1.0
3D_35_20_f,2250.813263969156,2837.776769010266,36004.033069,,,,,2838.24,2908.6122000000005,48.0,49.44,2827.59,2827.59,0.0,0.0
3D_45_20_f,2393.778141702744,3004.6925339200207,36651.318405,,,,,2975.43,3053.786400000001,47.0,48.12,2945.04,2945.04,1.0,1.0
3D_45_20_e,2787.975766067408,3254.030963300246,36045.659479,,,,,3239.89,3364.7478,45.0,46.6,3228.54,3228.54,0.0,0.0
3D_45_20_d,2335.6974998457745,3168.313402664892,36015.018959,,,,,3145.3,3250.8545999999997,42.0,44.18,3127.35,3127.35,0.0,0.0
3D_45_20_c,2509.8427569530345,3118.213522558949,36683.933427,,,,,3104.8,3130.7860000000005,43.0,44.02,3097.74,3097.74,1.0,1.0
3D_45_20_b,2350.1200565080585,2639.244502631644,36002.183698,,,,,2633.27,2692.1232,49.0,50.16,2621.74,2621.74,1.0,1.0
3D_45_20_a,2284.370753114482,2837.388384604053,36044.864587,,,,,2795.4,2950.2410000000004,44.0,44.94,2777.68,2777.68,0.0,0.0
3D_40_20_b,2659.9429546687843,3095.4537917537964,36031.162981,,,,,3089.05,3189.9208000000003,46.0,47.24,3076.4,3076.4,1.0,1.0
3D_35_20_e,2201.432098376275,2934.5832665258104,36068.619783,,,,,2840.2,2884.638,47.0,48.72,2823.21,2823.21,1.0,1.0
3D_35_20_b,2613.1170976379194,3256.819353887404,36063.0633,,,,,3254.46,3305.4649999999992,43.0,44.06,3238.85,3238.85,1.0,1.0
3D_35_20_c,2173.197933520177,3189.8830514331976,36086.747137,,,,,3106.5,3212.3114000000005,47.0,47.72,3092.73,3092.73,0.0,0.0
3D_50_20_c,2136.849315081903,2606.083435351768,36016.038971999995,,,,,2580.59,2590.0385999999994,48.0,49.78,2570.47,2570.47,0.0,0.0
3D_50_20_b,2579.46811840701,3160.3422786810384,36280.440423,,,,,3145.39,3257.842799999999,45.0,46.42,3100.06,3100.06,0.0,0.0
3D_50_20_a,2413.234219060292,2969.1373955437634,36014.732981,,,,,2973.95,3012.143999999999,41.0,42.98,2941.05,2941.05,0.0,0.0
3D_50_20_f,2516.529162332044,2702.1139132077587,36008.748261,,,,,2706.92,2719.6948,49.0,50.66,2695.7,2695.7,0.0,0.0
3D_35_20_d,2511.2811827134774,3312.398767756623,36129.667338,,,,,3302.17,3384.106800000001,44.0,44.64,3293.37,3293.37,2.0,2.0
3D_30_20_f,2163.002007736919,2915.285284635472,36086.5598,,,,,2841.43,2862.0434000000005,48.0,48.8,2820.5,2820.5,0.0,0.0
3D_30_20_e,1954.64204249976,2464.998078115937,36028.749447999995,,,,,2455.8,2468.4790000000003,48.0,49.52,2449.33,2449.33,1.0,1.0
3D_40_20_f,2415.233107573144,2983.558616628796,36072.977752,,,,,2934.92,3030.2768000000005,48.0,49.14,2926.71,2926.71,0.0,0.0
3D_30_20_c,2578.0977419440915,3190.0459886370195,36003.164222,,,,,3188.23,3227.3812,47.0,47.78,3175.85,3175.85,0.0,0.0
3D_30_20_b,2425.226283680933,3100.2496702214257,36017.931706,,,,,3083.26,3143.7472000000016,45.0,45.8,3070.73,3070.73,1.0,1.0
3D_30_20_a,2263.5969029504618,2818.8407658696283,36065.028791,,,,,2802.09,2847.7712,44.0,44.9,2777.26,2777.26,0.0,0.0
3D_35_20_a,2473.126760655991,3102.870639530423,36752.08713,,,,,3111.07,3127.4298,48.0,49.64,3092.3,3092.3,1.0,1.0
3D_50_20_e,2780.095460835327,3350.6003264610067,36005.869796,,,,,3336.47,3358.0812,44.0,45.16,3319.27,3319.27,0.0,0.0
3D_30_20_d,2520.339083018112,3206.201047272289,36510.670794,,,,,3178.48,3236.4736000000003,44.0,44.98,3157.13,3157.13,1.0,1.0
3D_50_25_d,2434.527240501252,3480.675708560755,36017.748685,,,,,3425.34,3467.0139999999997,75.0,77.26,3390.0,3390.0,0.0,0.0
3D_50_25_c,2496.1695224589057,3693.953497336985,36012.575668,,,,,3541.95,3593.3851999999997,76.0,77.94,3521.25,3521.25,0.0,0.0
3D_50_25_b,2560.101034233121,3883.8369586645154,36031.344906,,,,,3830.91,3969.2394000000013,72.0,73.3,3791.48,3791.48,0.0,0.0
3D_50_25_a,2388.3629600574177,3577.4432776035087,36332.853329,,,,,3436.51,3507.4861999999994,72.0,73.74,3412.32,3412.32,0.0,0.0
3D_50_25_f,2588.453320873057,3301.626276463988,36026.085427,,,,,3262.93,3295.924599999999,72.0,73.58,3248.89,3248.89,2.0,2.0
3D_50_25_e,2399.486658266805,3504.516801448596,36041.054954,,,,,3443.08,3506.5148,70.0,71.76,3439.11,3439.11,2.0,2.0
3D_45_25_a,2450.558610800576,3460.5190521176664,57923.369109,,,,,3376.33,3431.7351999999983,65.0,67.76,3338.38,3338.38,0.0,0.0
3D_30_25_b,2382.648494234126,3593.92477487404,36009.476213999995,,,,,3423.71,3482.1922000000013,68.0,71.28,3402.67,3402.67,0.0,0.0
3D_35_25_c,2470.114206254192,3517.5591672078417,36017.077655,,,,,3438.4,3509.438000000001,72.0,73.36,3404.15,3404.15,0.0,0.0
3D_35_25_d,2824.012337227116,3768.872721385125,36082.226847,,,,,3691.11,3879.361999999999,70.0,70.84,3678.76,3678.76,1.0,1.0
3D_35_25_e,2348.986365430491,3508.3340739759064,36322.950522,,,,,3352.89,3465.170199999999,75.0,76.14,3316.44,3316.44,1.0,1.0
3D_40_25_f,2106.0012291018106,3294.664955927814,36844.739404,,,,,3186.98,3297.0622000000003,69.0,69.84,3157.32,3157.32,0.0,0.0
3D_30_25_a,2275.6291879667683,3195.29237722726,36923.486144,,,,,3060.27,3082.149599999999,70.0,70.6,3051.08,3051.08,2.0,2.0
3D_40_25_e,2461.5713014744088,3563.549346578566,42500.258263,,,,,3413.54,3464.1639999999984,67.0,68.48,3393.44,3393.44,0.0,0.0
3D_40_25_d,2316.5325055888447,3640.2964773326826,36010.530004,,,,,3555.72,3708.0424000000003,72.0,74.04,3526.97,3526.97,0.0,0.0
3D_40_25_c,2547.998015982796,3586.4930506089668,36017.049452,,,,,3471.8,3501.216600000001,78.0,78.48,3453.92,3453.92,1.0,1.0
3D_40_25_b,2591.6867313751463,3382.920621817126,39440.039511,,,,,3377.05,3414.806799999998,71.0,72.68,3316.8,3316.8,0.0,0.0
3D_45_25_b,2836.5354774337543,3638.851537682678,36054.433741,,,,,3535.29,3562.1364000000003,71.0,72.4,3511.92,3511.92,0.0,0.0
3D_45_25_c,2293.5873586078665,3686.2321491539305,36668.061698,,,,,3484.0,3571.6740000000004,68.0,69.42,3454.33,3454.33,2.0,2.0
3D_45_25_d,2381.478000754932,3599.924771020028,36077.249522,,,,,3500.27,3568.080999999999,69.0,70.32,3462.16,3462.16,0.0,0.0
3D_45_25_e,2673.6594217914408,3626.5270063596736,36011.329919,,,,,3507.01,3610.790199999999,70.0,71.48,3491.97,3491.97,0.0,0.0
3D_45_25_f,2359.5112382024145,3262.56454671513,36323.772017,,,,,3186.61,3198.984000000001,71.0,72.36,3131.7,3131.7,1.0,1.0
3D_35_25_b,2591.7658840943523,3990.772533903119,36089.539013,,,,,3750.65,3882.686200000001,62.0,64.02,3745.71,3745.71,0.0,0.0
3D_35_25_a,2168.0379161596293,3746.6623101703226,36037.109487,,,,,3588.5,3602.552399999999,73.0,73.9,3569.19,3569.19,0.0,0.0
3D_35_25_f,2330.304494802587,3622.3147866588047,36001.661035,,,,,3458.23,3532.9345999999996,73.0,73.7,3411.32,3411.32,0.0,0.0
3D_30_25_f,2171.466643733321,3451.920452876477,36036.633141,,,,,3300.3,3340.809800000001,69.0,69.6,3274.99,3274.99,1.0,1.0
3D_30_25_e,2222.9594815756886,3356.557662934388,36150.002728,,,,,3209.71,3246.6776,67.0,69.04,3202.25,3202.25,2.0,2.0
3D_30_25_d,2382.0922714166954,3203.484266020123,36149.932924,,,,,3131.69,3245.366400000001,67.0,69.26,3115.17,3115.17,1.0,1.0
3D_30_25_c,2625.6735977593844,3575.645358171396,36106.030198,,,,,3471.7,3532.9808000000003,87.0,88.8,3467.03,3467.03,2.0,2.0
3D_40_25_a,2524.451083082069,3859.428270394201,36058.959902,,,,,3805.8,3896.908999999999,69.0,71.0,3805.1,3805.1,2.0,2.0
3D_30_30_e,2131.0520355525214,3801.1288368631567,36002.867688,3593.31,3593.31,52.22,52.22,3578.1,3654.959,0.121,0.1222,3551.66,3551.66,0.0,0.0007
3D_30_30_d,2467.3314278066023,3812.5234336465815,36658.426277,3607.69,3607.69,40.64,40.64,3660.97,3779.1810000000005,0.137,0.138,3611.48,3611.4800000000005,0.0,0.0008
3D_30_30_c,2551.2323951586527,3805.329276344908,36014.11861,3714.36,3714.36,55.7,55.7,3738.32,3788.1040000000003,0.136,0.1378,3687.17,3687.169999999999,0.0,0.0007
3D_30_30_b,2386.558306892509,4092.217871960501,36674.938098,3879.62,3879.62,51.33,51.33,3966.58,3997.226,0.124,0.1252,3858.63,3858.63,0.0,0.0005
3D_30_30_a,2367.01215865193,3784.860729407933,36090.297731,3560.9,3560.9,52.71,52.71,3606.46,3686.1769999999997,0.126,0.1273,3549.35,3549.3499999999995,0.0,0.0008
3D_30_30_f,2080.53842915308,3884.072722320375,36295.421558,3625.18,3625.18,53.26,53.26,3665.98,3740.5250000000005,0.135,0.1365,3618.6,3618.5999999999995,0.0,0.0004
3D_35_35_a,2490.7844397434246,4504.729079205964,36851.062616,4318.65,4318.65,65.55,65.55,4450.93,4514.959000000001,0.176,0.17809999999999998,4313.53,4313.53,0.001,0.0015
3D_35_35_b,2601.948151307082,4499.044929012028,36122.467768,4214.62,4214.62,52.96,52.96,4221.02,4387.1630000000005,0.161,0.16250000000000003,4183.49,4183.489999999999,0.0,0.0009000000000000001
3D_35_35_c,2262.738151376614,4127.042038035096,36073.431814,3700.23,3700.23,61.03,61.03,3814.24,3973.3729999999996,0.182,0.18630000000000002,3683.72,3683.7200000000003,0.002,0.0021000000000000003
3D_35_35_d,2551.7386895056025,4596.789526689927,36046.508221,4303.18,4303.18,61.72,61.72,4320.19,4355.287,0.165,0.16810000000000003,4276.24,4276.239999999999,0.001,0.0017000000000000001
3D_35_35_e,2344.667651040696,4293.061268140381,36247.193796,3899.11,3899.11,60.65,60.65,3929.51,4107.089,0.169,0.1721,3892.16,3892.1600000000008,0.0,0.0009000000000000001
3D_35_35_f,2609.807164904425,4267.552045398658,36128.832884,4057.73,4057.73,59.74,59.74,4137.97,4178.353999999999,0.17,0.17329999999999998,4039.0,4039.0,0.0,0.0008
3D_40_40_f,2152.086444453432,4217.403819103346,36009.135193,4036.65,4036.65,67.13,67.13,4087.74,4118.884,0.221,0.22469999999999998,3976.35,3976.3499999999995,0.0,0.0010999999999999998
3D_40_40_e,2480.957895674793,4405.744550445047,36098.443232,4118.23,4118.23,68.66,68.66,4230.0,4364.832,0.215,0.22000000000000003,4085.43,4085.4299999999994,0.001,0.0013000000000000004
3D_40_40_d,2570.018418445424,4801.890108685558,36088.036259,4550.32,4550.32,71.4,71.4,4684.26,4731.549000000001,0.229,0.23150000000000004,4553.39,4553.39,0.0,0.0007
3D_40_40_b,2739.9807970445377,4396.938404752083,36161.909191,4176.58,4176.58,80.19,80.19,4186.1,4251.271000000001,0.242,0.25000000000000006,4138.35,4138.349999999999,0.0,0.0010999999999999998
3D_40_40_c,2369.2237904760136,4601.844458338865,36040.19379,4379.74,4379.74,65.71,65.71,4469.24,4550.484,0.232,0.2355,4358.7,4358.699999999999,0.0,0.0013000000000000002
3D_40_40_a,2271.164599161027,4757.675559677838,36053.429891,4489.47,4489.47,56.85,56.85,4537.29,4627.983000000001,0.202,0.20570000000000005,4476.27,4476.270000000001,0.0,0.0010000000000000002
3D_45_45_a,2390.8470904919805,4853.974526624419,36202.420328,4501.49,4501.49,69.13,69.13,4571.03,4686.898,0.268,0.2711,4466.4,4466.400000000001,0.005,0.005499999999999999
3D_45_45_b,2900.71624508138,5259.8313074732005,36227.830617,4919.89,4919.89,90.52,90.52,4931.84,5134.383,0.294,0.29649999999999993,4879.96,4879.96,0.001,0.0018000000000000002
3D_45_45_c,2692.513876968593,5215.445622794793,36005.783001,4814.32,4814.32,80.96,80.96,4888.88,4976.129,0.259,0.26239999999999997,4784.13,4784.129999999999,0.001,0.0012000000000000003
3D_45_45_d,2616.560027008264,5269.667896555719,36012.905792,4876.59,4876.59,73.74,73.74,4927.31,5083.045,0.259,0.2627999999999999,4818.7,4818.699999999999,0.0,0.0009000000000000001
3D_45_45_e,2757.530125064145,5268.492925771636,37025.483055,4939.2,4939.2,81.59,81.59,5024.14,5138.272,0.273,0.2756,4874.99,4874.989999999999,0.001,0.0014000000000000006
3D_45_45_f,2587.993159419954,5075.757271125453,36039.761196,4754.97,4754.97,90.18,90.18,4785.43,4913.454,0.285,0.2888,4676.46,4676.46,0.0,0.0012000000000000001
3D_50_50_a,2358.5375883612774,5254.838181187589,36126.954093,4972.85,4972.85,84.6,84.6,5092.81,5168.019,0.329,0.3309000000000001,4904.16,4904.160000000001,0.001,0.0014
3D_50_50_b,2535.880434851806,5384.885776220286,36257.198713,5079.52,5079.52,84.26,84.26,5017.96,5063.092,0.348,0.3499,4962.53,4962.53,0.005,0.005599999999999999
3D_50_50_c,2346.942505757919,5382.1386354284,36022.761472,4939.75,4939.75,93.29,93.29,5075.55,5155.822,0.369,0.3719,4871.39,4871.39,0.001,0.0013000000000000002
3D_50_50_e,2597.87707787953,5905.393795093485,36005.466821999995,5367.97,5367.97,84.02,84.02,5479.71,5601.693,0.311,0.32349999999999995,5323.81,5323.8099999999995,0.004,0.004200000000000001
3D_50_50_d,2598.7510754771047,5013.946402670476,36037.193295,4569.16,4569.16,83.84,83.84,4704.64,4791.6449999999995,0.341,0.34440000000000004,4566.25,4566.25,0.001,0.0018000000000000002
3D_50_50_f,2693.1010539452154,5379.75519017417,36026.741498,4999.46,4999.46,83.64,83.64,5090.55,5135.198999999999,0.329,0.33140000000000003,4919.06,4919.0599999999995,0.001,0.0020000000000000005
7D_35_05_a,2136.04613721906,2136.04613721906,112.532209,,,,,2169.38,2170.4080000000004,39.0,46.8,2210.55,2210.5499999999997,0.0,0.5555555555555556
7D_40_05_a,2194.641478599132,2194.641478599132,145.16957399999998,,,,,2214.37,2215.157,42.0,51.4,2315.1,2315.1,0.0,0.3333333333333333
7D_50_05_a,2431.839902370342,2431.839902370342,123.188763,,,,,2487.71,2563.987,44.0,57.5,2504.44,2504.44,0.0,0.4444444444444444
7D_30_05_a,2381.1468110618566,2381.1468110618566,140.173876,,,,,2416.65,2420.7160000000003,44.0,49.4,2456.16,2456.16,0.0,0.5555555555555556
7D_45_05_a,1646.60001284269,1646.60001284269,100.95262,,,,,1674.52,1675.5030000000002,44.0,53.4,1686.63,1686.6300000000006,0.0,0.4444444444444444
7D_40_10_a,3249.735372246508,3776.351823533255,36009.741545,,,,,3879.04,4058.196000000001,123.0,130.7,3897.25,3897.25,0.0,0.8888888888888888
7D_45_10_a,3342.734499359753,3793.0687828690857,36280.507917,,,,,3886.77,3935.6910000000003,116.0,129.7,4059.98,4059.98,0.0,1.0
7D_30_10_a,3250.1268115061093,3937.671860930781,36073.955585,,,,,4037.03,4133.371,130.0,143.3,4001.35,4001.3499999999995,0.0,0.7777777777777778
7D_35_10_a,3499.0650376958,3770.317527979186,36375.741281,,,,,3858.81,3878.2709999999997,118.0,130.1,4011.64,4011.6400000000003,0.0,0.6666666666666666
7D_50_10_a,3518.4954937310204,4093.380920775028,36263.985606,,,,,4130.39,4174.222,122.0,135.7,4192.9,4192.900000000001,0.0,0.5555555555555556
7D_35_15_a,3086.0537279843247,5482.700439527294,36215.182239,,,,,5571.63,5662.652,266.0,291.2,5497.16,5497.16,1.0,1.4444444444444444
7D_50_15_a,3830.73930084286,6145.841470334623,36006.947187,,,,,6156.7,6350.148999999999,247.0,292.0,6054.29,6054.29,0.0,0.8888888888888888
7D_40_15_a,3508.271124412684,5145.669953490384,36554.088968,,,,,5177.65,5280.029,254.0,300.6,5090.21,5090.21,1.0,1.1111111111111112
7D_30_15_a,3918.003546553937,5752.400745995137,36001.547842,,,,,5824.86,5923.485,270.0,297.8,5704.88,5704.879999999999,1.0,1.6666666666666667
7D_45_15_a,3453.314332877552,5373.578686476019,36221.575318,,,,,5437.71,5571.364,245.0,269.2,5783.95,5783.949999999999,0.0,0.7777777777777778
7D_50_20_a,3290.694547341173,6889.481287154021,36173.939631,,,,,6874.39,6979.938,483.0,553.5,7005.39,7005.39,1.0,1.5555555555555556
7D_45_20_a,3359.973116262612,6234.197290262823,36647.383084,,,,,6327.05,6464.013000000001,465.0,492.5,6174.99,6174.989999999999,1.0,1.6666666666666667
7D_40_20_a,3689.9080840170936,6580.120588654179,36229.590838,,,,,6607.31,6736.472,477.0,503.9,6579.05,6579.050000000001,1.0,1.3333333333333333
7D_35_20_a,3684.804446488985,7359.306020836451,36013.774916999995,,,,,7426.63,7630.7029999999995,484.0,517.0,7289.37,7289.37,0.0,1.4444444444444444
7D_30_20_a,3502.899019748105,6854.233081466525,36242.436517,,,,,6908.87,7030.475,452.0,506.7,6676.35,6676.349999999999,1.0,2.0
7D_30_30_a,3852.9507583093423,9885.529432716394,36894.910345,9263.1,9263.1,82.67,82.67,9949.85,10260.921,1.416,1.4546000000000001,9571.28,9571.28,0.001,0.0024999999999999996
7D_35_35_a,3545.0524433025867,11279.958153119582,36959.50592,10704.0,10704.0,108.53,108.53,11602.4,11733.46,2.015,2.0802,11127.0,11127.0,0.002,0.0031
7D_40_40_a,3642.63021131764,11509.082578817472,36093.903706,10871.4,10871.4,113.17,113.17,11900.0,12196.51,2.571,2.6233999999999997,11286.2,11286.199999999999,0.002,0.0039
7D_45_45_a,3507.619965020805,12991.46092212257,36052.769343,12142.2,12142.2,144.83,144.83,13156.2,13477.550000000003,2.407,3.2078,12411.2,12411.199999999999,0.003,0.0050999999999999995
7D_50_50_a,3838.442958892706,14556.46114988456,36186.268285,13868.4,13868.4,160.47,160.47,15242.4,15552.609999999997,4.006,4.0922,14174.7,14174.7,0.003,0.0043
